가미강활속단탕,1786,3546,2953,NNP,*,T,가미강활속단탕,Compound,*,*,*,가미/NNP/*+강활/NNP/*+속단탕/NNP/*
가미곽정탕,1786,3546,2953,NNP,*,T,가미곽정탕,Compound,*,*,*,가미/NNP/*+곽정탕/NNP/*
가미귀비탕,1786,3546,2953,NNP,*,T,가미귀비탕,Compound,*,*,*,가미/NNP/*+귀비탕/NNP/*
가미대강활탕,1786,3546,2953,NNP,*,T,가미대강활탕,Compound,*,*,*,가미/NNP/*+강활탕/NNP/*
가미대보탕,1786,3546,2953,NNP,*,T,가미대보탕,Compound,*,*,*,가미/NNP/*+대보탕/NNP/*
가미보익탕,1786,3546,2953,NNP,*,T,가미보익탕,Compound,*,*,*,가미/NNP/*+보익탕/NNP/*
가미보중익기탕,1786,3546,2953,NNP,*,T,가미보중익기탕,Compound,*,*,*,가미/NNP/*+보중익기탕/NNP/*
가미사육탕,1786,3546,2953,NNP,*,T,가미사육탕,Compound,*,*,*,가미/NNP/*+사육탕/NNP/*
가미사칠탕,1786,3546,2953,NNP,*,T,가미사칠탕,Compound,*,*,*,가미/NNP/*+사칠탕/NNP/*
가미생화탕,1786,3546,2953,NNP,*,T,가미생화탕,Compound,*,*,*,가미/NNP/*+생화탕/NNP/*
가미서경탕,1786,3546,2953,NNP,*,T,가미서경탕,Compound,*,*,*,가미/NNP/*+서경탕/NNP/*
가미소담제습탕,1786,3546,2953,NNP,*,T,가미소담제습탕,Compound,*,*,*,가미/NNP/*+소담/NNP/*+제습탕/NNP/*
가미소풍활혈탕,1786,3546,2953,NNP,*,T,가미소풍활혈탕,Compound,*,*,*,가미/NNP/*+소풍/NNP/*+활혈탕/NNP/*
가미십전탕,1786,3546,2953,NNP,*,T,가미십전탕,Compound,*,*,*,가미/NNP/*+십전탕/NNP/*
가미쌍화탕,1786,3546,2953,NNP,*,T,가미쌍화탕,Compound,*,*,*,가미/NNP/*+쌍화탕/NNP/*
가미온담탕,1786,3546,2953,NNP,*,T,가미온담탕,Compound,*,*,*,가미/NNP/*+온담탕/NNP/*
가미윌비가출탕,1786,3546,2953,NNP,*,T,가미윌비가출탕,Compound,*,*,*,가미/NNP/*+윌비/NNP/*+가출탕/NNP/*
가미조리폐원탕,1786,3546,2953,NNP,*,T,가미조리폐원탕,Compound,*,*,*,가미/NNP/*+조리/NNP/*+폐원탕/NNP/*
가미진해탕,1786,3546,2953,NNP,*,T,가미진해탕,Compound,*,*,*,가미/NNP/*+진해탕/NNP/*
가미천금조위탕,1786,3546,2953,NNP,*,T,가미천금조위탕,Compound,*,*,*,가미/NNP/*+천금/NNP/*+조위탕/NNP/*
가미청간탕,1786,3546,2953,NNP,*,T,가미청간탕,Compound,*,*,*,가미/NNP/*+청간탕/NNP/*
가미청상보하탕,1786,3546,2953,NNP,*,T,가미청상보하탕,Compound,*,*,*,가미/NNP/*+청상/NNP/*+보하탕/NNP/*
가미활혈탕,1786,3546,2953,NNP,*,T,가미활혈탕,Compound,*,*,*,가미/NNP/*+활혈탕/NNP/*
갈근대승기탕,1786,3546,2953,NNP,*,T,갈근대승기탕,Compound,*,*,*,갈근/NNP/*+대승기탕/NNP/*
갈근부평탕,1786,3546,2953,NNP,*,T,갈근부평탕,Compound,*,*,*,갈근/NNP/*+부평탕/NNP/*
갈근소승기탕,1786,3546,2953,NNP,*,T,갈근소승기탕,Compound,*,*,*,갈근/NNP/*+소승기탕/NNP/*
갈근승기탕,1786,3546,2953,NNP,*,T,갈근승기탕,Compound,*,*,*,갈근/NNP/*+승기탕/NNP/*
갈근조위탕,1786,3546,2953,NNP,*,T,갈근조위탕,Compound,*,*,*,갈근/NNP/*+조위탕/NNP/*
갈근탕,1786,3546,2953,NNP,*,T,갈근탕,*,*,*,*,갈근탕/NNP/*
갈근해기탕,1786,3546,2953,NNP,*,T,갈근해기탕,Compound,*,*,*,갈근/NNP/*+해기탕/NNP/*
갈근황련황금탕,1786,3546,2953,NNP,*,T,갈근황련황금탕,Compound,*,*,*,갈근/NNP/*+황련/NNP/*+황금탕/NNP/*
갈용부평탕,1786,3546,2953,NNP,*,T,갈용부평탕,Compound,*,*,*,갈용/NNP/*+부평탕/NNP/*
갈화해성탕,1786,3546,2953,NNP,*,T,갈화해성탕,Compound,*,*,*,갈화/NNP/*+해성탕/NNP/*
감맥대조탕,1786,3546,2953,NNP,*,T,감맥대조탕,Compound,*,*,*,감맥/NNP/*+대조탕/NNP/*
감초건강탕,1786,3546,2953,NNP,*,T,감초건강탕,Compound,*,*,*,감초/NNP/*+건강탕/NNP/*
감초탕,1786,3546,2953,NNP,*,T,감초탕,*,*,*,*,감초탕/NNP/*
강출관중탕,1786,3546,2953,NNP,*,T,강출관중탕,Compound,*,*,*,강출/NNP/*+관중탕/NNP/*
강화지황탕,1786,3546,2953,NNP,*,T,강화지황탕,Compound,*,*,*,강화/NNP/*+지황탕/NNP/*
강활방풍탕,1786,3546,2953,NNP,*,T,강활방풍탕,Compound,*,*,*,강활/NNP/*+방풍탕/NNP/*
강활승습탕,1786,3546,2953,NNP,*,T,강활승습탕,Compound,*,*,*,강활/NNP/*+승습탕/NNP/*
개결서경탕,1786,3546,2953,NNP,*,T,개결서경탕,Compound,*,*,*,개결/NNP/*+서경탕/NNP/*
거담청심탕,1786,3546,2953,NNP,*,T,거담청심탕,Compound,*,*,*,거담/NNP/*+청심탕/NNP/*
거습활혈지통탕,1786,3546,2953,NNP,*,T,거습활혈지통탕,Compound,*,*,*,거습/NNP/*+활혈/NNP/*+지통탕/NNP/*
건리탕,1786,3546,2953,NNP,*,T,건리탕,*,*,*,*,건리탕/NNP/*
건율저근피탕,1786,3546,2953,NNP,*,T,건율저근피탕,Compound,*,*,*,건율/NNP/*+저근피탕/NNP/*
건율제조탕,1786,3546,2953,NNP,*,T,건율제조탕,Compound,*,*,*,건율/NNP/*+제조탕/NNP/*
견통도담탕,1786,3546,2953,NNP,*,T,견통도담탕,Compound,*,*,*,견통/NNP/*+도담탕/NNP/*
경험조위탕,1786,3546,2953,NNP,*,T,경험조위탕,Compound,*,*,*,경험/NNP/*+조위탕/NNP/*
계강양위탕,1786,3546,2953,NNP,*,T,계강양위탕,Compound,*,*,*,계강/NNP/*+양위탕/NNP/*
계부곽진이중탕,1786,3546,2953,NNP,*,T,계부곽진이중탕,Compound,*,*,*,계부/NNP/*+곽진/NNP/*+이중탕/NNP/*
계작지모탕,1786,3546,2953,NNP,*,T,계작지모탕,Compound,*,*,*,계작/NNP/*+지모탕/NNP/*
계지가영출부탕,1786,3546,2953,NNP,*,T,계지가영출부탕,Compound,*,*,*,계지가/NNP/*+영출/NNP/*+출부탕/NNP/*
계지가영출황기탕,1786,3546,2953,NNP,*,T,계지가영출황기탕,Compound,*,*,*,계지가/NNP/*+영출/NNP/*+황기탕/NNP/*
계지가용골모려탕,1786,3546,2953,NNP,*,T,계지가용골모려탕,Compound,*,*,*,계지가/NNP/*+용골/NNP/*+모려탕/NNP/*
계지가작약생강인삼탕,1786,3546,2953,NNP,*,T,계지가작약생강인삼탕,Compound,*,*,*,계지가/NNP/*+작약/NNP/*+생강/NNP/*+인삼탕/NNP/*
계지가황기탕,1786,3546,2953,NNP,*,T,계지가황기탕,Compound,*,*,*,계지가/NNP/*+황기탕/NNP/*
계지반하생강탕,1786,3546,2953,NNP,*,T,계지반하생강탕,Compound,*,*,*,계지/NNP/*+반하/NNP/*+생강탕/NNP/*
계지탕,1786,3546,2953,NNP,*,T,계지탕,*,*,*,*,계지탕/NNP/*
고기조위탕,1786,3546,2953,NNP,*,T,고기조위탕,Compound,*,*,*,고기/NNP/*+조위탕/NNP/*
고본부평탕,1786,3546,2953,NNP,*,T,고본부평탕,Compound,*,*,*,고본/NNP/*+부평탕/NNP/*
고충탕,1786,3546,2953,NNP,*,T,고충탕,*,*,*,*,고충탕/NNP/*
과루계지탕,1786,3546,2953,NNP,*,T,과루계지탕,Compound,*,*,*,과루/NNP/*+계지탕/NNP/*
과루해백백주탕,1786,3546,2953,NNP,*,T,과루해백백주탕,Compound,*,*,*,과루/NNP/*+해백/NNP/*+백주탕/NNP/*
관계부자이중탕,1786,3546,2953,NNP,*,T,관계부자이중탕,Compound,*,*,*,관계/NNP/*+부자/NNP/*+이중탕/NNP/*
관중탕,1786,3546,2953,NNP,*,T,관중탕,*,*,*,*,관중탕/NNP/*
교애지혈탕,1786,3546,2953,NNP,*,T,교애지혈탕,Compound,*,*,*,교애/NNP/*+지혈탕/NNP/*
구미강활탕,1786,3546,2953,NNP,*,T,구미강활탕,Compound,*,*,*,구미/NNP/*+강활탕/NNP/*
구미천문동탕,1786,3546,2953,NNP,*,T,구미천문동탕,Compound,*,*,*,구미/NNP/*+천문동탕/NNP/*
궁귀총소이중탕,1786,3546,2953,NNP,*,T,궁귀총소이중탕,Compound,*,*,*,궁귀/NNP/*+총소/NNP/*+이중탕/NNP/*
귀기건중탕,1786,3546,2953,NNP,*,T,귀기건중탕,Compound,*,*,*,귀기/NNP/*+건중탕/NNP/*
귀비탕,1786,3546,2953,NNP,*,T,귀비탕,*,*,*,*,귀비탕/NNP/*
귀출이경탕,1786,3546,2953,NNP,*,T,귀출이경탕,Compound,*,*,*,귀/NNP/*+이경탕/NNP/*
귀출파징탕,1786,3546,2953,NNP,*,T,귀출파징탕,Compound,*,*,*,귀출/NNP/*+파징탕/NNP/*
귤령보생탕,1786,3546,2953,NNP,*,T,귤령보생탕,Compound,*,*,*,귤령/NNP/*+보생탕/NNP/*
귤피죽여탕,1786,3546,2953,NNP,*,T,귤피죽여탕,Compound,*,*,*,귤피/NNP/*+죽여탕/NNP/*
금출도담탕,1786,3546,2953,NNP,*,T,금출도담탕,Compound,*,*,*,금출/NNP/*+도담탕/NNP/*
내소화중탕,1786,3546,2953,NNP,*,T,내소화중탕,Compound,*,*,*,내소/NNP/*+화중탕/NNP/*
냉부탕,1786,3546,2953,NNP,*,T,냉부탕,*,*,*,*,냉부탕/NNP/*
노강양위탕,1786,3546,2953,NNP,*,T,노강양위탕,Compound,*,*,*,노강/NNP/*+양위탕/NNP/*
녹각대보탕,1786,3546,2953,NNP,*,T,녹각대보탕,Compound,*,*,*,녹각/NNP/*+대보탕/NNP/*
녹용대보탕,1786,3546,2953,NNP,*,T,녹용대보탕,Compound,*,*,*,녹용/NNP/*+대보탕/NNP/*
단삼보혈탕,1786,3546,2953,NNP,*,T,단삼보혈탕,Compound,*,*,*,삼/NNP/*+보혈탕/NNP/*
당귀건중탕,1786,3546,2953,NNP,*,T,당귀건중탕,Compound,*,*,*,당귀/NNP/*+건중탕/NNP/*
당귀백하수오관중탕,1786,3546,2953,NNP,*,T,당귀백하수오관중탕,Compound,*,*,*,당귀/NNP/*+백하수오/NNP/*+관중탕/NNP/*
당귀보혈탕,1786,3546,2953,NNP,*,T,당귀보혈탕,Compound,*,*,*,당귀/NNP/*+보혈탕/NNP/*
당귀사역가오수유생강탕,1786,3546,2953,NNP,*,T,당귀사역가오수유생강탕,Compound,*,*,*,당귀/NNP/*+사역/NNP/*+가오수유/NNP/*+생강탕/NNP/*
당귀사역탕,1786,3546,2953,NNP,*,T,당귀사역탕,Compound,*,*,*,당귀/NNP/*+사역탕/NNP/*
당귀육황탕,1786,3546,2953,NNP,*,T,당귀육황탕,Compound,*,*,*,당귀/NNP/*+육황탕/NNP/*
당귀탕,1786,3546,2953,NNP,*,T,당귀탕,Compound,*,*,*,당귀탕/NNP/*
당귀활혈탕,1786,3546,2953,NNP,*,T,당귀활혈탕,Compound,*,*,*,당귀/NNP/*+활혈탕/NNP/*
대강활탕,1786,3546,2953,NNP,*,T,대강활탕,*,*,*,*,대강활탕/NNP/*
대방풍탕,1786,3546,2953,NNP,*,T,대방풍탕,*,*,*,*,대방풍탕/NNP/*
대승기탕,1786,3546,2953,NNP,*,T,대승기탕,*,*,*,*,대승기탕/NNP/*
대시호탕,1786,3546,2953,NNP,*,T,대시호탕,*,*,*,*,대시호탕/NNP/*
대청룡탕,1786,3546,2953,NNP,*,T,대청룡탕,*,*,*,*,청룡탕/NNP/*
대함흉탕,1786,3546,2953,NNP,*,T,대함흉탕,*,*,*,*,대함흉탕/NNP/*
대황목단탕,1786,3546,2953,NNP,*,T,대황목단탕,Compound,*,*,*,대황/NNP/*+목단탕/NNP/*
대황부자탕,1786,3546,2953,NNP,*,T,대황부자탕,Compound,*,*,*,대황/NNP/*+부자탕/NNP/*
도담탕,1786,3546,2953,NNP,*,T,도담탕,Compound,*,*,*,도담탕/NNP/*
도인승기탕,1786,3546,2953,NNP,*,T,도인승기탕,Compound,*,*,*,도인/NNP/*+승기탕/NNP/*
도적강기탕,1786,3546,2953,NNP,*,T,도적강기탕,Compound,*,*,*,도적/NNP/*+강기탕/NNP/*
도핵승기탕,1786,3546,2953,NNP,*,T,도핵승기탕,Compound,*,*,*,도핵/NNP/*+승기탕/NNP/*
독삼관계이중탕,1786,3546,2953,NNP,*,T,독삼관계이중탕,Compound,*,*,*,독삼/NNP/*+관계/NNP/*+이중탕/NNP/*
독삼양붕탕,1786,3546,2953,NNP,*,T,독삼양붕탕,Compound,*,*,*,독삼/NNP/*+양붕탕/NNP/*
독삼탕,1786,3546,2953,NNP,*,T,독삼탕,*,*,*,*,독삼탕/NNP/*
독삼팔물군자탕,1786,3546,2953,NNP,*,T,독삼팔물군자탕,Compound,*,*,*,독삼/NNP/*+팔물/NNP/*+군자탕/NNP/*
독삼팔물탕,1786,3546,2953,NNP,*,T,독삼팔물탕,Compound,*,*,*,독삼/NNP/*+팔물탕/NNP/*
독활기생탕,1786,3546,2953,NNP,*,T,독활기생탕,*,*,*,*,독활/NNP/*+기생탕/NNP/*
독활생기탕,1786,3546,2953,NNP,*,T,독활생기탕,Compound,*,*,*,독활/NNP/*+생기탕/NNP/*
독활지황탕,1786,3546,2953,NNP,*,T,독활지황탕,Compound,*,*,*,독활/NNP/*+지황탕/NNP/*
마황발표탕,1786,3546,2953,NNP,*,T,마황발표탕,Compound,*,*,*,마황/NNP/*+발표탕/NNP/*
마황연교적소두탕,1786,3546,2953,NNP,*,T,마황연교적소두탕,Compound,*,*,*,마황/NNP/*+연교/NNP/*+적소두탕/NNP/*
마황연초적소두탕,1786,3546,2953,NNP,*,T,마황연초적소두탕,Compound,*,*,*,마황/NNP/*+연초/NNP/*+적소두탕/NNP/*
마황정천탕,1786,3546,2953,NNP,*,T,마황정천탕,Compound,*,*,*,마황/NNP/*+정천탕/NNP/*
마황정통탕,1786,3546,2953,NNP,*,T,마황정통탕,Compound,*,*,*,마황/NNP/*+정통탕/NNP/*
마황조위탕,1786,3546,2953,NNP,*,T,마황조위탕,Compound,*,*,*,마황/NNP/*+조위탕/NNP/*
마황탕,1786,3546,2953,NNP,*,T,마황탕,*,*,*,*,마황탕/NNP/*
마황행인감초석고탕,1786,3546,2953,NNP,*,T,마황행인감초석고탕,Compound,*,*,*,마황/NNP/*+행인/NNP/*+감초/NNP/*+석고탕/NNP/*
만금소풍탕,1786,3546,2953,NNP,*,T,만금소풍탕,Compound,*,*,*,만금/NNP/*+소풍탕/NNP/*
맥문동탕,1786,3546,2953,NNP,*,T,맥문동탕,*,*,*,*,맥문동탕/NNP/*
목단피지황탕,1786,3546,2953,NNP,*,T,목단피지황탕,Compound,*,*,*,목단피/NNP/*+지황탕/NNP/*
목통대안탕,1786,3546,2953,NNP,*,T,목통대안탕,Compound,*,*,*,목통/NNP/*+대안탕/NNP/*
목통무우탕,1786,3546,2953,NNP,*,T,목통무우탕,Compound,*,*,*,목통/NNP/*+무우탕/NNP/*
미후도식장탕,1786,3546,2953,NNP,*,T,미후도식장탕,Compound,*,*,*,미후도/NNP/*+식장탕/NNP/*
미후등식장탕,1786,3546,2953,NNP,*,T,미후등식장탕,Compound,*,*,*,미후등/NNP/*+식장탕/NNP/*
민방금은화탕,1786,3546,2953,NNP,*,T,민방금은화탕,Compound,*,*,*,민방/NNP/*+금은화탕/NNP/*
반하백출천마탕,1786,3546,2953,NNP,*,T,반하백출천마탕,Compound,*,*,*,반하/NNP/*+백출/NNP/*+천마탕/NNP/*
반하사심탕,1786,3546,2953,NNP,*,T,반하사심탕,Compound,*,*,*,반하/NNP/*+사심탕/NNP/*
반하후박탕,1786,3546,2953,NNP,*,T,반하후박탕,Compound,*,*,*,반하/NNP/*+후박탕/NNP/*
방기황기탕,1786,3546,2953,NNP,*,T,방기황기탕,Compound,*,*,*,방기/NNP/*+황기탕/NNP/*
방풍탕,1786,3546,2953,NNP,*,T,방풍탕,*,*,*,*,방풍탕/NNP/*
방풍해독탕,1786,3546,2953,NNP,*,T,방풍해독탕,Compound,*,*,*,방풍/NNP/*+해독탕/NNP/*
백두옹탕,1786,3546,2953,NNP,*,T,백두옹탕,*,*,*,*,백두옹탕/NNP/*
백하수오부자이중탕,1786,3546,2953,NNP,*,T,백하수오부자이중탕,Compound,*,*,*,백하수오/NNP/*+부자/NNP/*+이중탕/NNP/*
백하수오이중탕,1786,3546,2953,NNP,*,T,백하수오이중탕,Compound,*,*,*,백하수오/NNP/*+이중탕/NNP/*
백하오군자탕,1786,3546,2953,NNP,*,T,백하오군자탕,Compound,*,*,*,백하오/NNP/*+군자탕/NNP/*
백합고금탕,1786,3546,2953,NNP,*,T,백합고금탕,Compound,*,*,*,백합/NNP/*+고금탕/NNP/*
백호탕,1786,3546,2953,NNP,*,T,백호탕,*,*,*,*,백호탕/NNP/*
보신건양탕,1786,3546,2953,NNP,*,T,보신건양탕,Compound,*,*,*,보신/NNP/*+건양탕/NNP/*
보심건비탕,1786,3546,2953,NNP,*,T,보심건비탕,Compound,*,*,*,보심/NNP/*+건비탕/NNP/*
보심사화청간탕,1786,3546,2953,NNP,*,T,보심사화청간탕,Compound,*,*,*,보심/NNP/*+사화/NNP/*+청간탕/NNP/*
보아탕,1786,3546,2953,NNP,*,T,보아탕,*,*,*,*,보아탕/NNP/*
보양환오탕,1786,3546,2953,NNP,*,T,보양환오탕,Compound,*,*,*,보양/NNP/*+환오탕/NNP/*
보장건비탕,1786,3546,2953,NNP,*,T,보장건비탕,Compound,*,*,*,보장/NNP/*+건비탕/NNP/*
보중익기탕,1786,3546,2953,NNP,*,T,보중익기탕,*,*,*,*,보중익기탕/NNP/*
보폐원탕,1786,3546,2953,NNP,*,T,보폐원탕,*,*,*,*,보폐원탕/NNP/*
보폐탕,1786,3546,2953,NNP,*,T,보폐탕,Compound,*,*,*,보폐탕/NNP/*
보허생화탕,1786,3546,2953,NNP,*,T,보허생화탕,Compound,*,*,*,보허/NNP/*+생화탕/NNP/*
보허탕,1786,3546,2953,NNP,*,T,보허탕,*,*,*,*,보허탕/NNP/*
보혈안신탕,1786,3546,2953,NNP,*,T,보혈안신탕,Compound,*,*,*,보혈/NNP/*+안신탕/NNP/*
복령백출탕,1786,3546,2953,NNP,*,T,복령백출탕,Compound,*,*,*,복령/NNP/*+백출탕/NNP/*
복맥탕,1786,3546,2953,NNP,*,T,복맥탕,*,*,*,*,복맥탕/NNP/*
복원양영탕,1786,3546,2953,NNP,*,T,복원양영탕,Compound,*,*,*,복원/NNP/*+양영탕/NNP/*
복원활혈탕,1786,3546,2953,NNP,*,T,복원활혈탕,Compound,*,*,*,복원/NNP/*+활혈탕/NNP/*
부양조위탕,1786,3546,2953,NNP,*,T,부양조위탕,Compound,*,*,*,부양/NNP/*+조위탕/NNP/*
부자갱미탕,1786,3546,2953,NNP,*,T,부자갱미탕,Compound,*,*,*,부자/NNP/*+갱미탕/NNP/*
부자온중탕,1786,3546,2953,NNP,*,T,부자온중탕,Compound,*,*,*,부자/NNP/*+온중탕/NNP/*
부자이중탕,1786,3546,2953,NNP,*,T,부자이중탕,Compound,*,*,*,부자/NNP/*+이중탕/NNP/*
사군자탕,1786,3546,2953,NNP,*,T,사군자탕,*,*,*,*,사군자탕/NNP/*
사물탕,1786,3546,2953,NNP,*,T,사물탕,*,*,*,*,사물탕/NNP/*
사역탕,1786,3546,2953,NNP,*,T,사역탕,*,*,*,*,사역탕/NNP/*
산밀탕,1786,3546,2953,NNP,*,T,산밀탕,*,*,*,*,산밀탕/NNP/*
산조인탕,1786,3546,2953,NNP,*,T,산조인탕,*,*,*,*,산조인탕/NNP/*
삼백이중탕,1786,3546,2953,NNP,*,T,삼백이중탕,Compound,*,*,*,삼백/NNP/*+이중탕/NNP/*
삼인탕,1786,3546,2953,NNP,*,T,삼인탕,*,*,*,*,삼인탕/NNP/*
삼자양친탕,1786,3546,2953,NNP,*,T,삼자양친탕,Compound,*,*,*,삼자/NNP/*+양친탕/NNP/*
삼출건비탕,1786,3546,2953,NNP,*,T,삼출건비탕,Compound,*,*,*,삼출/NNP/*+건비탕/NNP/*
상행탕,1786,3546,2953,NNP,*,T,상행탕,*,*,*,*,상행탕/NNP/*
생간건비탕,1786,3546,2953,NNP,*,T,생간건비탕,Compound,*,*,*,생간/NNP/*+건비탕/NNP/*
생숙지황탕,1786,3546,2953,NNP,*,T,생숙지황탕,Compound,*,*,*,생숙/NNP/*+지황탕/NNP/*
생화탕,1786,3546,2953,NNP,*,T,생화탕,*,*,*,*,생화탕/NNP/*
서각지황탕,1786,3546,2953,NNP,*,T,서각지황탕,Compound,*,*,*,서각/NNP/*+지황탕/NNP/*
서경탕,1786,3546,2953,NNP,*,T,서경탕,*,*,*,*,서경탕/NNP/*
선복대자탕,1786,3546,2953,NNP,*,T,선복대자탕,Compound,*,*,*,선복/NNP/*+대자탕/NNP/*
성주청간탕,1786,3546,2953,NNP,*,T,성주청간탕,Compound,*,*,*,성주/NNP/*+청간탕/NNP/*
소간탕,1786,3546,2953,NNP,*,T,소간탕,*,*,*,*,소간탕/NNP/*
소건중탕,1786,3546,2953,NNP,*,T,소건중탕,*,*,*,*,소건중탕/NNP/*
소승기탕,1786,3546,2953,NNP,*,T,소승기탕,*,*,*,*,소승기탕/NNP/*
소시호탕,1786,3546,2953,NNP,*,T,소시호탕,*,*,*,*,소시호탕/NNP/*
소자강기탕,1786,3546,2953,NNP,*,T,소자강기탕,*,*,*,*,소자강기탕/NNP/*
소청룡탕,1786,3546,2953,NNP,*,T,소청룡탕,*,*,*,*,소청룡탕/NNP/*
소풍보심도담탕,1786,3546,2953,NNP,*,T,소풍보심도담탕,Compound,*,*,*,소풍/NNP/*+보심/NNP/*+도담탕/NNP/*
소풍보심탕,1786,3546,2953,NNP,*,T,소풍보심탕,Compound,*,*,*,소풍/NNP/*보심탕/NNP/*
소풍청영탕,1786,3546,2953,NNP,*,T,소풍청영탕,Compound,*,*,*,소풍/NNP/*+청영탕/NNP/*
소풍활혈탕,1786,3546,2953,NNP,*,T,소풍활혈탕,Compound,*,*,*,소풍/NNP/*+활혈탕/NNP/*
소함흉탕,1786,3546,2953,NNP,*,T,소함흉탕,*,*,*,*,소함흉탕/NNP/*
숙지황고삼탕,1786,3546,2953,NNP,*,T,숙지황고삼탕,Compound,*,*,*,숙지황/NNP/*+고삼탕/NNP/*
순기도담탕,1786,3546,2953,NNP,*,T,순기도담탕,Compound,*,*,*,순기/NNP/*+도담탕/NNP/*
순기화담탕,1786,3546,2953,NNP,*,T,순기화담탕,Compound,*,*,*,순기/NNP/*+화담탕/NNP/*
순기활혈탕,1786,3546,2953,NNP,*,T,순기활혈탕,Compound,*,*,*,순기/NNP/*+활혈탕/NNP/*
승금조위탕,1786,3546,2953,NNP,*,T,승금조위탕,Compound,*,*,*,승금/NNP/*+조위탕/NNP/*
승습탕,1786,3546,2953,NNP,*,T,승습탕,*,*,*,*,승습탕/NNP/*
승양익기부자탕,1786,3546,2953,NNP,*,T,승양익기부자탕,Compound,*,*,*,승양/NNP/*+익기/NNP/*+부자탕/NNP/*
승양익기탕,1786,3546,2953,NNP,*,T,승양익기탕,Compound,*,*,*,승양/NNP/*+익기탕/NNP/*
승지조위탕,1786,3546,2953,NNP,*,T,승지조위탕,Compound,*,*,*,승지/NNP/*+조위탕/NNP/*
시경반하탕,1786,3546,2953,NNP,*,T,시경반하탕,Compound,*,*,*,시경/NNP/*+반하탕/NNP/*
시경청폐탕,1786,3546,2953,NNP,*,T,시경청폐탕,Compound,*,*,*,시경/NNP/*+청폐탕/NNP/*
시령탕,1786,3546,2953,NNP,*,T,시령탕,*,*,*,*,시령탕/NNP/*
시호가용골모려탕,1786,3546,2953,NNP,*,T,시호가용골모려탕,Compound,*,*,*,시호가/NNP/*+용골/NNP/*+모려탕/NNP/*
신기조위탕,1786,3546,2953,NNP,*,T,신기조위탕,Compound,*,*,*,신기조/NNP/*+조위탕/NNP/*
십이미관중탕,1786,3546,2953,NNP,*,T,십이미관중탕,Compound,*,*,*,십이미/NNP/*+관중탕/NNP/*
십이미귀신탕,1786,3546,2953,NNP,*,T,십이미귀신탕,Compound,*,*,*,십이미/NNP/*+귀신탕/NNP/*
십이미지황탕,1786,3546,2953,NNP,*,T,십이미지황탕,Compound,*,*,*,십이미NNP/*+지황탕/NNP/*
십전대보탕,1786,3546,2953,NNP,*,T,십전대보탕,Compound,*,*,*,십전/NNP/*+대보탕/NNP/*
십조탕,1786,3546,2953,NNP,*,T,십조탕,*,*,*,*,십조탕/NNP/*
쌍패탕,1786,3546,2953,NNP,*,T,쌍패탕,*,*,*,*,쌍패탕/NNP/*
쌍화탕,1786,3546,2953,NNP,*,T,쌍화탕,*,*,*,*,쌍화탕/NNP/*
아과양위건폐탕,1786,3546,2953,NNP,*,T,아과양위건폐탕,Compound,*,*,*,아과/NNP/*+양위/NNP/*+건폐탕/NNP/*
안심온담탕,1786,3546,2953,NNP,*,T,안심온담탕,Compound,*,*,*,안심/NNP/*+온담탕/NNP/*
안전백호탕,1786,3546,2953,NNP,*,T,안전백호탕,Compound,*,*,*,안전/NNP/*+백호탕/NNP/*
애백탕,1786,3546,2953,NNP,*,T,애백탕,*,*,*,*,애백탕/NNP/*
양격산화탕,1786,3546,2953,NNP,*,T,양격산화탕,Compound,*,*,*,양격/NNP/*+산화탕/NNP/*
양독백호탕,1786,3546,2953,NNP,*,T,양독백호탕,Compound,*,*,*,양독/NNP/*+백호탕/NNP/*
양화탕,1786,3546,2953,NNP,*,T,양화탕,*,*,*,*,양화탕/NNP/*
여신탕,1786,3546,2953,NNP,*,T,여신탕,*,*,*,*,여신탕/NNP/*
연자소간탕,1786,3546,2953,NNP,*,T,연자소간탕,Compound,*,*,*,연자/NNP/*+소간탕/NNP/*
연자육건시탕,1786,3546,2953,NNP,*,T,연자육건시탕,Compound,*,*,*,연자육/NNP/*+건시탕/NNP/*
열다한소탕,1786,3546,2953,NNP,*,T,열다한소탕,*,*,*,*,열다한소탕/NNP/*
영각구등탕,1786,3546,2953,NNP,*,T,영각구등탕,Compound,*,*,*,영각/NNP/*+구등탕/NNP/*
영감강미신하인탕,1786,3546,2953,NNP,*,T,영감강미신하인탕,Compound,*,*,*,영감/NNP/*+강미/NNP/*+신하인탕/NNP/*
영감오미강신탕,1786,3546,2953,NNP,*,T,영감오미강신탕,Compound,*,*,*,영감/NNP/*+오미/NNP/*+강신탕/NNP/*
영계출감탕,1786,3546,2953,NNP,*,T,영계출감탕,Compound,*,*,*,영계/NNP/*+출감탕/NNP/*
오가피장척탕,1786,3546,2953,NNP,*,T,오가피장척탕,Compound,*,*,*,오가피/NNP/*+장척탕/NNP/*
오령지관중탕,1786,3546,2953,NNP,*,T,오령지관중탕,Compound,*,*,*,오령지/NNP/*+관중탕/NNP/*
오수유부자이중탕,1786,3546,2953,NNP,*,T,오수유부자이중탕,Compound,*,*,*,오수유/NNP/*+부자/NNP/*+이중탕/NNP/*
오수유탕,1786,3546,2953,NNP,*,T,오수유탕,*,*,*,*,오수유탕/NNP/*
온경탕,1786,3546,2953,NNP,*,T,온경탕,Compound,*,*,*,온경탕/NNP/*
온담탕,1786,3546,2953,NNP,*,T,온담탕,*,*,*,*,온담탕/NNP/*
온비탕,1786,3546,2953,NNP,*,T,온비탕,*,*,*,*,온비탕/NNP/*
온포종옥탕,1786,3546,2953,NNP,*,T,온포종옥탕,Compound,*,*,*,온포/NNP/*+종옥탕/NNP/*
완대탕,1786,3546,2953,NNP,*,T,완대탕,*,*,*,*,완대탕/NNP/*
용담사간탕,1786,3546,2953,NNP,*,T,용담사간탕,*,*,*,*,용담사간탕/NNP/*
월비가출탕,1786,3546,2953,NNP,*,T,월비가출탕,Compound,*,*,*,월비/NNP/*+가출탕/NNP/*
위경탕,1786,3546,2953,NNP,*,T,위경탕,*,*,*,*,위경탕/NNP/*
육군자탕,1786,3546,2953,NNP,*,T,육군자탕,*,*,*,*,육군자탕/NNP/*
육미지황탕,1786,3546,2953,NNP,*,T,육미지황탕,Compound,*,*,*,육미/NNP/*+지황탕/NNP/*
육미탕,1786,3546,2953,NNP,*,T,육미탕,*,*,*,*,육미탕/NNP/*
육울탕,1786,3546,2953,NNP,*,T,육울탕,*,*,*,*,육울탕/NNP/*
육일순기탕,1786,3546,2953,NNP,*,T,육일순기탕,Compound,*,*,*,육일/NNP/*+순기탕/NNP/*
윤폐청간탕,1786,3546,2953,NNP,*,T,윤폐청간탕,Compound,*,*,*,윤폐/NNP/*+청간탕/NNP/*
은화사간탕,1786,3546,2953,NNP,*,T,은화사간탕,Compound,*,*,*,은화/NNP/*+사간탕/NNP/*
을자탕,1786,3546,2953,NNP,*,T,을자탕,*,*,*,*,을자탕/NNP/*
음양쌍보탕,1786,3546,2953,NNP,*,T,음양쌍보탕,*,*,*,*,음양쌍보탕/NNP/*
이중탕,1786,3546,2953,NNP,*,T,이중탕,*,*,*,*,이중탕/NNP/*
이진탕,1786,3546,2953,NNP,*,T,이진탕,*,*,*,*,이진탕/NNP/*
익기보혈탕,1786,3546,2953,NNP,*,T,익기보혈탕,Compound,*,*,*,익기/NNP/*+보혈탕/NNP/*
인동등지골피탕,1786,3546,2953,NNP,*,T,인동등지골피탕,Compound,*,*,*,인동/NNP/*+등지/NNP/*+지골피탕/NNP/*
인삼계지부자탕,1786,3546,2953,NNP,*,T,인삼계지부자탕,Compound,*,*,*,인삼/NNP/*+계지/NNP/*+부자탕/NNP/*
인삼계피탕,1786,3546,2953,NNP,*,T,인삼계피탕,Compound,*,*,*,인삼/NNP/*+계피탕/NNP/*
인삼관계부자탕,1786,3546,2953,NNP,*,T,인삼관계부자탕,Compound,*,*,*,인삼/NNP/*+관계/NNP/*+부자탕/NNP/*
인삼백하오관중탕,1786,3546,2953,NNP,*,T,인삼백하오관중탕,Compound,*,*,*,인삼/NNP/*+백하오/NNP/*+관중탕/NNP/*
인삼백합탕,1786,3546,2953,NNP,*,T,인삼백합탕,Compound,*,*,*,인삼/NNP/*+백합탕/NNP/*
인삼부자관계탕,1786,3546,2953,NNP,*,T,인삼부자관계탕,Compound,*,*,*,인삼/NNP/*+부자/NNP/*+관계탕/NNP/*
인삼부자이중탕,1786,3546,2953,NNP,*,T,인삼부자이중탕,Compound,*,*,*,인삼/NNP/*+부자/NNP/*+이중탕/NNP/*
인삼앵속탕,1786,3546,2953,NNP,*,T,인삼앵속탕,Compound,*,*,*,인삼/NNP/*+앵속탕/NNP/*
인삼양영탕,1786,3546,2953,NNP,*,T,인삼양영탕,Compound,*,*,*,인삼/NNP/*+양영탕/NNP/*
인삼양위탕,1786,3546,2953,NNP,*,T,인삼양위탕,Compound,*,*,*,인삼/NNP/*+양위탕/NNP/*
인삼오수유탕,1786,3546,2953,NNP,*,T,인삼오수유탕,Compound,*,*,*,인삼/NNP/*+오수유탕/NNP/*
인삼진피탕,1786,3546,2953,NNP,*,T,인삼진피탕,Compound,*,*,*,인삼/NNP/*+진피탕/NNP/*
인숙보심탕,1786,3546,2953,NNP,*,T,인숙보심탕,Compound,*,*,*,인숙/NNP/*+보심탕/NNP/*
인진호탕,1786,3546,2953,NNP,*,T,인진호탕,*,*,*,*,인진호탕/NNP/*
자감초탕,1786,3546,2953,NNP,*,T,자감초탕,*,*,*,*,자감초탕/NNP/*
자신보원탕,1786,3546,2953,NNP,*,T,자신보원탕,Compound,*,*,*,자신/NNP/*+보원탕/NNP/*
자윤탕,1786,3546,2953,NNP,*,T,자윤탕,*,*,*,*,자윤탕/NNP/*
자음강화탕,1786,3546,2953,NNP,*,T,자음강화탕,Compound,*,*,*,자음/NNP/*+강화탕/NNP/*
자음건비탕,1786,3546,2953,NNP,*,T,자음건비탕,Compound,*,*,*,자음/NNP/*+건비탕/NNP/*
작약감초부자탕,1786,3546,2953,NNP,*,T,작약감초부자탕,Compound,*,*,*,작약/NNP/*+감초/NNP/*+부자탕/NNP/*
작약감초탕,1786,3546,2953,NNP,*,T,작약감초탕,Compound,*,*,*,작약/NNP/*+감초탕/NNP/*
작약탕,1786,3546,2953,NNP,*,T,작약탕,*,*,*,*,작약탕/NNP/*
장담보심탕,1786,3546,2953,NNP,*,T,장담보심탕,Compound,*,*,*,장담/NNP/*+보심탕/NNP/*
저령차전자탕,1786,3546,2953,NNP,*,T,저령차전자탕,Compound,*,*,*,저령/NNP/*+차전자탕/NNP/*
저령탕,1786,3546,2953,NNP,*,T,저령탕,*,*,*,*,저령탕/NNP/*
적백하오관중탕,1786,3546,2953,NNP,*,T,적백하오관중탕,Compound,*,*,*,적백하오/NNP/*+관중탕/NNP/*
전호지황탕,1786,3546,2953,NNP,*,T,전호지황탕,Compound,*,*,*,전호/NNP/*+지황탕/NNP/*
정기천향탕,1786,3546,2953,NNP,*,T,정기천향탕,Compound,*,*,*,정기/NNP/*+천향탕/NNP/*
정신사간탕,1786,3546,2953,NNP,*,T,정신사간탕,Compound,*,*,*,정신/NNP/*+사간탕/NNP/*
정천탕,1786,3546,2953,NNP,*,T,정천탕,*,*,*,*,정천탕/NNP/*
정천화담강기탕,1786,3546,2953,NNP,*,T,정천화담강기탕,Compound,*,*,*,정천/NNP/*+화담/NNP/*+강기탕/NNP/*
조각대황탕,1786,3546,2953,NNP,*,T,조각대황탕,Compound,*,*,*,조각/NNP/*+대황탕/NNP/*
조경종옥탕,1786,3546,2953,NNP,*,T,조경종옥탕,Compound,*,*,*,조경/NNP/*+종옥탕/NNP/*
조리폐원탕,1786,3546,2953,NNP,*,T,조리폐원탕,Compound,*,*,*,조리/NNP/*+폐원탕/NNP/*
조위속명탕,1786,3546,2953,NNP,*,T,조위속명탕,Compound,*,*,*,조위/NNP/*+속명탕/NNP/*
조위승기탕,1786,3546,2953,NNP,*,T,조위승기탕,Compound,*,*,*,조위/NNP/*+승기탕/NNP/*
조위승청탕,1786,3546,2953,NNP,*,T,조위승청탕,Compound,*,*,*,조위/NNP/*+승청탕/NNP/*
조위탕,1786,3546,2953,NNP,*,T,조위탕,*,*,*,*,조위탕/NNP/*
조중탕,1786,3546,2953,NNP,*,T,조중탕,*,*,*,*,조중탕/NNP/*
증액승기탕,1786,3546,2953,NNP,*,T,증액승기탕,Compound,*,*,*,증액/NNP/*+승기탕/NNP/*
지실치자시탕,1786,3546,2953,NNP,*,T,지실치자시탕,Compound,*,*,*,지실/NNP/*+치자시탕/NNP/*
지유탕,1786,3546,2953,NNP,*,T,지유탕,*,*,*,*,지유탕/NNP/*
지황백호탕,1786,3546,2953,NNP,*,T,지황백호탕,Compound,*,*,*,지황/NNP/*+백호탕/NNP/*
진간식풍탕,1786,3546,2953,NNP,*,T,진간식풍탕,Compound,*,*,*,진간/NNP/*+식풍탕/NNP/*
진무탕,1786,3546,2953,NNP,*,T,진무탕,*,*,*,*,진무탕/NNP/*
진인양장탕,1786,3546,2953,NNP,*,T,진인양장탕,Compound,*,*,*,진인/NNP/*+양장탕/NNP/*
천궁계지탕,1786,3546,2953,NNP,*,T,천궁계지탕,Compound,*,*,*,천궁/NNP/*+계지탕/NNP/*
천궁육계탕,1786,3546,2953,NNP,*,T,천궁육계탕,Compound,*,*,*,천궁/NNP/*+육계탕/NNP/*
천금조위탕,1786,3546,2953,NNP,*,T,천금조위탕,Compound,*,*,*,천금/NNP/*+조위탕/NNP/*
천민도담탕,1786,3546,2953,NNP,*,T,천민도담탕,Compound,*,*,*,천민/NNP/*+도담탕/NNP/*
천민탕,1786,3546,2953,NNP,*,T,천민탕,*,*,*,*,천민탕/NNP/*
청간탕,1786,3546,2953,NNP,*,T,청간탕,*,*,*,*,청간탕/NNP/*
청뇌탕,1786,3546,2953,NNP,*,T,청뇌탕,*,*,*,*,청뇌탕/NNP/*
청룡탕,1786,3546,2953,NNP,*,T,청룡탕,*,*,*,*,청룡탕/NNP/*
청상견통탕,1786,3546,2953,NNP,*,T,청상견통탕,Compound,*,*,*,청상/NNP/*+견통탕/NNP/*
청상방풍탕,1786,3546,2953,NNP,*,T,청상방풍탕,Compound,*,*,*,청상/NNP/*+방풍탕/NNP/*
청서익기탕,1786,3546,2953,NNP,*,T,청서익기탕,Compound,*,*,*,청서/NNP/*+익기탕/NNP/*
청심산약탕,1786,3546,2953,NNP,*,T,청심산약탕,Compound,*,*,*,청심/NNP/*+산약탕/NNP/*
청심연자탕,1786,3546,2953,NNP,*,T,청심연자탕,Compound,*,*,*,청심/NNP/*+연자탕/NNP/*
청심열다탕,1786,3546,2953,NNP,*,T,청심열다탕,Compound,*,*,*,청심/NNP/*+열다탕/NNP/*
청심지황탕,1786,3546,2953,NNP,*,T,청심지황탕,Compound,*,*,*,청심/NNP/*+지황탕/NNP/*
청안탕,1786,3546,2953,NNP,*,T,청안탕,*,*,*,*,청안탕/NNP/*
청영탕,1786,3546,2953,NNP,*,T,청영탕,*,*,*,*,청영탕/NNP/*
청위탕,1786,3546,2953,NNP,*,T,청위탕,*,*,*,*,청위탕/NNP/*
청인이격탕,1786,3546,2953,NNP,*,T,청인이격탕,Compound,*,*,*,청인/NNP/*+이격탕/NNP/*
청폐사간탕,1786,3546,2953,NNP,*,T,청폐사간탕,Compound,*,*,*,청폐/NNP/*+사간탕/NNP/*
청포축어탕,1786,3546,2953,NNP,*,T,청포축어탕,Compound,*,*,*,청포/NNP/*+축어탕/NNP/*
청혈강기탕,1786,3546,2953,NNP,*,T,청혈강기탕,Compound,*,*,*,청혈/NNP/*+강기탕/NNP/*
청혈거습사간탕,1786,3546,2953,NNP,*,T,청혈거습사간탕,Compound,*,*,*,청혈/NNP/*+거습/NNP/*+사간탕/NNP/*
청호별갑탕,1786,3546,2953,NNP,*,T,청호별갑탕,Compound,*,*,*,청호/NNP/*+별갑탕/NNP/*
청훈화담탕,1786,3546,2953,NNP,*,T,청훈화담탕,Compound,*,*,*,청훈/NNP/*+화담탕/NNP/*
탈항삼기탕,1786,3546,2953,NNP,*,T,탈항삼기탕,Compound,*,*,*,탈항/NNP/*+삼기탕/NNP/*
태음마황탕,1786,3546,2953,NNP,*,T,태음마황탕,Compound,*,*,*,태음/NNP/*+마황탕/NNP/*
태음조위탕,1786,3546,2953,NNP,*,T,태음조위탕,Compound,*,*,*,태음/NNP/*+조위탕/NNP/*
택사탕,1786,3546,2953,NNP,*,T,택사탕,*,*,*,*,택사탕/NNP/*
통경탕,1786,3546,2953,NNP,*,T,통경탕,*,*,*,*,통경탕/NNP/*
통규탕,1786,3546,2953,NNP,*,T,통규탕,*,*,*,*,통규탕/NNP/*
팔물군자탕,1786,3546,2953,NNP,*,T,팔물군자탕,Compound,*,*,*,팔물/NNP/*+군자탕/NNP/*
팔보회춘탕,1786,3546,2953,NNP,*,T,팔보회춘탕,Compound,*,*,*,팔보/NNP/*+회춘탕/NNP/*
팔진탕,1786,3546,2953,NNP,*,T,팔진탕,*,*,*,*,팔진탕/NNP/*
평진건비탕,1786,3546,2953,NNP,*,T,평진건비탕,Compound,*,*,*,평진/NNP/*+건비탕/NNP/*
평진탕,1786,3546,2953,NNP,*,T,평진탕,*,*,*,*,평진탕/NNP/*
필용방감길탕,1786,3546,2953,NNP,*,T,필용방감길탕,Compound,*,*,*,필용방/NNP/*+감길탕/NNP/*
하출보심탕,1786,3546,2953,NNP,*,T,하출보심탕,Compound,*,*,*,하출/NNP/*+보심탕/NNP/*
한다열소탕,1786,3546,2953,NNP,*,T,한다열소탕,Compound,*,*,*,한다/NNP/*+열소탕/NNP/*
해표양진탕,1786,3546,2953,NNP,*,T,해표양진탕,Compound,*,*,*,해표/NNP/*+양진탕/NNP/*
해표이진탕,1786,3546,2953,NNP,*,T,해표이진탕,Compound,*,*,*,해표/NNP/*+이진탕/NNP/*
행소청기탕,1786,3546,2953,NNP,*,T,행소청기탕,Compound,*,*,*,행소/NNP/*+청기탕/NNP/*
행인승청탕,1786,3546,2953,NNP,*,T,행인승청탕,Compound,*,*,*,행인/NNP/*+승청탕/NNP/*
향부자팔물탕,1786,3546,2953,NNP,*,T,향부자팔물탕,Compound,*,*,*,향부자/NNP/*+팔물탕/NNP/*
향사양위탕,1786,3546,2953,NNP,*,T,향사양위탕,Compound,*,*,*,향사/NNP/*+양위탕/NNP/*
향사온비탕,1786,3546,2953,NNP,*,T,향사온비탕,Compound,*,*,*,향사/NNP/*+온비탕/NNP/*
향사육군자탕,1786,3546,2953,NNP,*,T,향사육군자탕,Compound,*,*,*,향사/NNP/*+육군자탕/NNP/*
현부이경탕,1786,3546,2953,NNP,*,T,현부이경탕,Compound,*,*,*,현부/NNP/*+이경탕/NNP/*
현삼지황탕,1786,3546,2953,NNP,*,T,현삼지황탕,Compound,*,*,*,현삼/NNP/*+지황탕/NNP/*
혈부축어탕,1786,3546,2953,NNP,*,T,혈부축어탕,Compound,*,*,*,혈부/NNP/*+축어탕/NNP/*
형개연교탕,1786,3546,2953,NNP,*,T,형개연교탕,Compound,*,*,*,형개/NNP/*+연교탕/NNP/*
형개청장탕,1786,3546,2953,NNP,*,T,형개청장탕,Compound,*,*,*,형개/NNP/*+청장탕/NNP/*
형방지황탕,1786,3546,2953,NNP,*,T,형방지황탕,Compound,*,*,*,형방/NNP/*+지황탕/NNP/*
형소화중탕,1786,3546,2953,NNP,*,T,형소화중탕,Compound,*,*,*,형소/NNP/*+화중탕/NNP/*
호금청담탕,1786,3546,2953,NNP,*,T,호금청담탕,Compound,*,*,*,호금/NNP/*+청담탕/NNP/*
화석조위탕,1786,3546,2953,NNP,*,T,화석조위탕,Compound,*,*,*,화석/NNP/*+조위탕/NNP/*
활락탕,1786,3546,2953,NNP,*,T,활락탕,Co*략pound,*,*,*,활락탕/NNP/*
활석고삼탕,1786,3546,2953,NNP,*,T,활석고삼탕,Compound,*,*,*,활석/NNP/*+고삼탕/NNP/*
황금탕,1786,3546,2953,NNP,*,T,황금탕,*,*,*,*,황금탕/NNP/*
황기건중탕,1786,3546,2953,NNP,*,T,황기건중탕,Compound,*,*,*,황기/NNP/*+건중탕/NNP/*
황기계지부자탕,1786,3546,2953,NNP,*,T,황기계지부자탕,Compound,*,*,*,황기/NNP/*+계지/NNP/*+부자탕/NNP/*
황기계지오물탕,1786,3546,2953,NNP,*,T,황기계지오물탕,Compound,*,*,*,황기/NNP/*+계지/NNP/*+오물탕/NNP/*
황기계지탕,1786,3546,2953,NNP,*,T,황기계지탕,Compound,*,*,*,황기/NNP/*+계지탕/NNP/*
황련지황탕,1786,3546,2953,NNP,*,T,황련지황탕,Compound,*,*,*,황련/NNP/*+지황탕/NNP/*
황련청장탕,1786,3546,2953,NNP,*,T,황련청장탕,Compound,*,*,*,황련/NNP/*+청장탕/NNP/*
황련탕,1786,3546,2953,NNP,*,T,황련탕,*,*,*,*,황련탕/NNP/*
황련해독탕,1786,3546,2953,NNP,*,T,황련해독탕,Compound,*,*,*,황련/NNP/*+해독탕/NNP/*
황룡탕,1786,3546,2953,NNP,*,T,황룡탕,*,*,*,*,황룡탕/NNP/*
황률소백피탕,1786,3546,2953,NNP,*,T,황률소백피탕,*,*,*,*,황률소백피탕/NNP/*
황토탕,1786,3546,2953,NNP,*,T,황토탕,*,*,*,*,황토탕/NNP/*
후박온중탕,1786,3546,2953,NNP,*,T,후박온중탕,Compound,*,*,*,후박/NNP/*+온중탕/NNP/*
속단탕,1786,3546,2953,NNP,*,T,속단탕,*,*,*,*,속단탕/NNP/*
곽정탕,1786,3546,2953,NNP,*,T,곽정탕,*,*,*,*,곽정탕/NNP/*
강활탕,1786,3546,2953,NNP,*,T,강활탕,*,*,*,*,강활탕/NNP/*
보익탕,1786,3546,2953,NNP,*,T,보익탕,*,*,*,*,보익탕/NNP/*
사육탕,1786,3546,2953,NNP,*,T,사육탕,*,*,*,*,사육탕/NNP/*
사칠탕,1786,3546,2953,NNP,*,T,사칠탕,*,*,*,*,사칠탕/NNP/*
제습탕,1786,3546,2953,NNP,*,T,제습탕,*,*,*,*,제습탕/NNP/*
활혈탕,1786,3546,2953,NNP,*,T,활혈탕,*,*,*,*,활혈탕/NNP/*
십전탕,1786,3546,2953,NNP,*,T,십전탕,*,*,*,*,십전탕/NNP/*
가출탕,1786,3546,2953,NNP,*,T,가출탕,*,*,*,*,가출탕/NNP/*
폐원탕,1786,3546,2953,NNP,*,T,폐원탕,*,*,*,*,폐원탕/NNP/*
진해탕,1786,3546,2953,NNP,*,T,진해탕,*,*,*,*,진해탕/NNP/*
보하탕,1786,3546,2953,NNP,*,T,보하탕,*,*,*,*,보하탕/NNP/*
부평탕,1786,3546,2953,NNP,*,T,부평탕,*,*,*,*,부평탕/NNP/*
해기탕,1786,3546,2953,NNP,*,T,해기탕,*,*,*,*,해기탕/NNP/*
해성탕,1786,3546,2953,NNP,*,T,해성탕,*,*,*,*,해성탕/NNP/*
대조탕,1786,3546,2953,NNP,*,T,대조탕,*,*,*,*,대조탕/NNP/*
건강탕,1786,3546,2953,NNP,*,T,건강탕,*,*,*,*,건강탕/NNP/*
지황탕,1786,3546,2953,NNP,*,T,지황탕,*,*,*,*,지황탕/NNP/*
청심탕,1786,3546,2953,NNP,*,T,청심탕,*,*,*,*,청심탕/NNP/*
지통탕,1786,3546,2953,NNP,*,T,지통탕,*,*,*,*,지통탕/NNP/*
저근피탕,1786,3546,2953,NNP,*,T,저근피탕,*,*,*,*,저근피탕/NNP/*
제조탕,1786,3546,2953,NNP,*,T,제조탕,*,*,*,*,제조탕/NNP/*
양위탕,1786,3546,2953,NNP,*,T,양위탕,*,*,*,*,양위탕/NNP/*
지모탕,1786,3546,2953,NNP,*,T,지모탕,*,*,*,*,지모탕/NNP/*
계지가,1786,3546,2953,NNP,*,F,계지가,*,*,*,*,계지가/NNP/*
황기탕,1786,3546,2953,NNP,*,T,황기탕,*,*,*,*,황기탕/NNP/*
모려탕,1786,3546,2953,NNP,*,T,모려탕,*,*,*,*,모려탕/NNP/*
인삼탕,1786,3546,2953,NNP,*,T,인삼탕,*,*,*,*,인삼탕/NNP/*
생강탕,1786,3546,2953,NNP,*,T,생강탕,*,*,*,*,생강탕/NNP/*
백주탕,1786,3546,2953,NNP,*,T,백주탕,*,*,*,*,백주탕/NNP/*
천문동탕,1786,3546,2953,NNP,*,T,천문동탕,*,*,*,*,천문동탕/NNP/*
건중탕,1786,3546,2953,NNP,*,T,건중탕,*,*,*,*,건중탕/NNP/*
이경탕,1786,3546,2953,NNP,*,T,이경탕,*,*,*,*,이경탕/NNP/*
파징탕,1786,3546,2953,NNP,*,T,파징탕,*,*,*,*,파징탕/NNP/*
보생탕,1786,3546,2953,NNP,*,T,보생탕,*,*,*,*,보생탕/NNP/*
죽여탕,1786,3546,2953,NNP,*,T,죽여탕,*,*,*,*,죽여탕/NNP/*
화중탕,1786,3546,2953,NNP,*,T,화중탕,*,*,*,*,화중탕/NNP/*
대보탕,1786,3546,2953,NNP,*,T,대보탕,*,*,*,*,대보탕/NNP/*
보혈탕,1786,3546,2953,NNP,*,T,보혈탕,*,*,*,*,보혈탕/NNP/*
백하수오,1786,3546,2953,NNP,*,F,백하수오,*,*,*,*,백하수오/NNP/*
육황탕,1786,3546,2953,NNP,*,T,육황탕,*,*,*,*,육황탕/NNP/*
목단탕,1786,3546,2953,NNP,*,T,목단탕,*,*,*,*,목단탕/NNP/*
부자탕,1786,3546,2953,NNP,*,T,부자탕,*,*,*,*,부자탕/NNP/*
강기탕,1786,3546,2953,NNP,*,T,강기탕,*,*,*,*,강기탕/NNP/*
양붕탕,1786,3546,2953,NNP,*,T,양붕탕,*,*,*,*,양붕탕/NNP/*
군자탕,1786,3546,2953,NNP,*,T,군자탕,*,*,*,*,군자탕/NNP/*
팔물탕,1786,3546,2953,NNP,*,T,팔물탕,*,*,*,*,팔물탕/NNP/*
기생탕,1786,3546,2953,NNP,*,T,기생탕,*,*,*,*,기생탕/NNP/*
생기탕,1786,3546,2953,NNP,*,T,생기탕,*,*,*,*,생기탕/NNP/*
발표탕,1786,3546,2953,NNP,*,T,발표탕,*,*,*,*,발표탕/NNP/*
적소두탕,1786,3546,2953,NNP,*,T,적소두탕,*,*,*,*,적소두탕/NNP/*
정통탕,1786,3546,2953,NNP,*,T,정통탕,*,*,*,*,정통탕/NNP/*
석고탕,1786,3546,2953,NNP,*,T,석고탕,*,*,*,*,석고탕/NNP/*
소풍탕,1786,3546,2953,NNP,*,T,소풍탕,*,*,*,*,소풍탕/NNP/*
대안탕,1786,3546,2953,NNP,*,T,대안탕,*,*,*,*,대안탕/NNP/*
무우탕,1786,3546,2953,NNP,*,T,무우탕,*,*,*,*,무우탕/NNP/*
식장탕,1786,3546,2953,NNP,*,T,식장탕,*,*,*,*,식장탕/NNP/*
금은화탕,1786,3546,2953,NNP,*,T,금은화탕,*,*,*,*,금은화탕/NNP/*
천마탕,1786,3546,2953,NNP,*,T,천마탕,*,*,*,*,천마탕/NNP/*
사심탕,1786,3546,2953,NNP,*,T,사심탕,*,*,*,*,사심탕/NNP/*
후박탕,1786,3546,2953,NNP,*,T,후박탕,*,*,*,*,후박탕/NNP/*
해독탕,1786,3546,2953,NNP,*,T,해독탕,*,*,*,*,해독탕/NNP/*
고금탕,1786,3546,2953,NNP,*,T,고금탕,*,*,*,*,고금탕/NNP/*
건양탕,1786,3546,2953,NNP,*,T,건양탕,*,*,*,*,건양탕/NNP/*
건비탕,1786,3546,2953,NNP,*,T,건비탕,*,*,*,*,건비탕/NNP/*
환오탕,1786,3546,2953,NNP,*,T,환오탕,*,*,*,*,환오탕/NNP/*
보폐탕,1786,3546,2953,NNP,*,T,보폐탕,*,*,*,*,보폐탕/NNP/*
안신탕,1786,3546,2953,NNP,*,T,안신탕,*,*,*,*,안신탕/NNP/*
백출탕,1786,3546,2953,NNP,*,T,백출탕,*,*,*,*,백출탕/NNP/*
양영탕,1786,3546,2953,NNP,*,T,양영탕,*,*,*,*,양영탕/NNP/*
갱미탕,1786,3546,2953,NNP,*,T,갱미탕,*,*,*,*,갱미탕/NNP/*
온중탕,1786,3546,2953,NNP,*,T,온중탕,*,*,*,*,온중탕/NNP/*
양친탕,1786,3546,2953,NNP,*,T,양친탕,*,*,*,*,양친탕/NNP/*
대자탕,1786,3546,2953,NNP,*,T,대자탕,*,*,*,*,대자탕/NNP/*
고삼탕,1786,3546,2953,NNP,*,T,고삼탕,*,*,*,*,고삼탕/NNP/*
화담탕,1786,3546,2953,NNP,*,T,화담탕,*,*,*,*,화담탕/NNP/*
익기탕,1786,3546,2953,NNP,*,T,익기탕,*,*,*,*,익기탕/NNP/*
반하탕,1786,3546,2953,NNP,*,T,반하탕,*,*,*,*,반하탕/NNP/*
청폐탕,1786,3546,2953,NNP,*,T,청폐탕,*,*,*,*,청폐탕/NNP/*
모려탕,1786,3546,2953,NNP,*,T,모려탕,*,*,*,*,모려탕/NNP/*
귀신탕,1786,3546,2953,NNP,*,T,귀신탕,*,*,*,*,귀신탕/NNP/*
건폐탕,1786,3546,2953,NNP,*,T,건폐탕,*,*,*,*,건폐탕/NNP/*
산화탕,1786,3546,2953,NNP,*,T,산화탕,*,*,*,*,산화탕/NNP/*
건시탕,1786,3546,2953,NNP,*,T,건시탕,*,*,*,*,건시탕/NNP/*
구등탕,1786,3546,2953,NNP,*,T,구등탕,*,*,*,*,구등탕/NNP/*
신하인탕,1786,3546,2953,NNP,*,T,신하인탕,*,*,*,*,신하인탕/NNP/*
강신탕,1786,3546,2953,NNP,*,T,강신탕,*,*,*,*,강신탕/NNP/*
출감탕,1786,3546,2953,NNP,*,T,출감탕,*,*,*,*,출감탕/NNP/*
장척탕,1786,3546,2953,NNP,*,T,장척탕,*,*,*,*,장척탕/NNP/*
종옥탕,1786,3546,2953,NNP,*,T,종옥탕,*,*,*,*,종옥탕/NNP/*
순기탕,1786,3546,2953,NNP,*,T,순기탕,*,*,*,*,순기탕/NNP/*
사간탕,1786,3546,2953,NNP,*,T,사간탕,*,*,*,*,사간탕/NNP/*
앵속탕,1786,3546,2953,NNP,*,T,앵속탕,*,*,*,*,앵속탕/NNP/*
진피탕,1786,3546,2953,NNP,*,T,진피탕,*,*,*,*,진피탕/NNP/*
보심탕,1786,3546,2953,NNP,*,T,보심탕,*,*,*,*,보심탕/NNP/*
보원탕,1786,3546,2953,NNP,*,T,보원탕,*,*,*,*,보원탕/NNP/*
강화탕,1786,3546,2953,NNP,*,T,강화탕,*,*,*,*,강화탕/NNP/*
보심탕,1786,3546,2953,NNP,*,T,보심탕,*,*,*,*,보심탕/NNP/*
차전자탕,1786,3546,2953,NNP,*,T,차전자탕,*,*,*,*,차전자탕/NNP/*
속명탕,1786,3546,2953,NNP,*,T,속명탕,*,*,*,*,속명탕/NNP/*
승청탕,1786,3546,2953,NNP,*,T,승청탕,*,*,*,*,승청탕/NNP/*
치자시탕,1786,3546,2953,NNP,*,T,치자시탕,*,*,*,*,치자시탕/NNP/*
식풍탕,1786,3546,2953,NNP,*,T,식풍탕,*,*,*,*,식풍탕/NNP/*
견통탕,1786,3546,2953,NNP,*,T,견통탕,*,*,*,*,견통탕/NNP/*
산약탕,1786,3546,2953,NNP,*,T,산약탕,*,*,*,*,산약탕/NNP/*
연자탕,1786,3546,2953,NNP,*,T,연자탕,*,*,*,*,연자탕/NNP/*
열다탕,1786,3546,2953,NNP,*,T,열다탕,*,*,*,*,열다탕/NNP/*
이격탕,1786,3546,2953,NNP,*,T,이격탕,*,*,*,*,이격탕/NNP/*
축어탕,1786,3546,2953,NNP,*,T,축어탕,*,*,*,*,축어탕/NNP/*
별갑탕,1786,3546,2953,NNP,*,T,별갑탕,*,*,*,*,별갑탕/NNP/*
삼기탕,1786,3546,2953,NNP,*,T,삼기탕,*,*,*,*,삼기탕/NNP/*
회춘탕,1786,3546,2953,NNP,*,T,회춘탕,*,*,*,*,회춘탕/NNP/*
감길탕,1786,3546,2953,NNP,*,T,감길탕,*,*,*,*,감길탕/NNP/*
양진탕,1786,3546,2953,NNP,*,T,양진탕,*,*,*,*,양진탕/NNP/*
청기탕,1786,3546,2953,NNP,*,T,청기탕,*,*,*,*,청기탕/NNP/*
축어탕,1786,3546,2953,NNP,*,T,축어탕,*,*,*,*,축어탕/NNP/*
연교탕,1786,3546,2953,NNP,*,T,연교탕,*,*,*,*,연교탕/NNP/*
청장탕,1786,3546,2953,NNP,*,T,청장탕,*,*,*,*,청장탕/NNP/*
청담탕,1786,3546,2953,NNP,*,T,청담탕,*,*,*,*,청담탕/NNP/*
오물탕,1786,3546,2953,NNP,*,T,오물탕,*,*,*,*,오물탕/NNP/*